<?xml version="1.0" encoding="utf-8"?>
<IglooSettings xmlns:xsd="http://www.w3.org/2001/XMLSchema" xmlns:xsi="http://www.w3.org/2001/XMLSchema-instance" version="1.1.0">
  <SystemSettings vSyncMode="0" targetFPS="0" sendStartupMessage="false" />
  <PlayerSettings Name="player">
    <usePlayer>true</usePlayer>
    <rotationInput>0</rotationInput>
    <rotationMode>0</rotationMode>
    <movementInput>0</movementInput>
    <movementMode>2</movementMode>
    <runSpeed>10</runSpeed>
    <walkSpeed>5</walkSpeed>
    <smoothTime>10</smoothTime>
    <crosshairHideMode>0</crosshairHideMode>
    <isCrosshair3D>false</isCrosshair3D>
  </PlayerSettings>
  <NetworkSettings>
    <inPort>9007</inPort>
    <outPort>9001</outPort>
    <outIP>127.0.0.1</outIP>
  </NetworkSettings>
  <UISettings>
    <useUI>true</useUI>
    <screenName>Cylinder</screenName>
    <screenPos x="0" y="0" z="0" />
    <screenRot x="0" y="0" z="0" />
    <screenScale x="6" y="2.1" z="6" />
    <followCrosshair>true</followCrosshair>
    <followSpeed>10</followSpeed>
  </UISettings>
  <DisplaySettings Name="IglooUnity">
    <textureShareMode>1</textureShareMode>
    <useCubemapToEquirectangular>true</useCubemapToEquirectangular>
    <equirectangularTexuteRes x="8000" y="1000" />
    <horizontalFOV>360</horizontalFOV>
    <verticalFOV>40</verticalFOV>
    <useCompositeTexture>false</useCompositeTexture>
    <useFramepackTopBottom3D>false</useFramepackTopBottom3D>
    <useWarpBlend>false</useWarpBlend>
    <HeadSettings>
      <headPositionOffset x="0" y="1.8" z="0" />
      <headRotationOffset x="0" y="0" z="0" />
      <leftEyeOffset x="-0.05" y="0" z="0" />
      <rightEyeOffset x="0.05" y="0" z="0" />
      <headtracking>false</headtracking>
    </HeadSettings>
    <Displays>
      <DisplayItem Name="IglooUnity1">
        <isRendering>true</isRendering>
        <fov>90</fov>
        <is3D>false</is3D>
        <isRenderTextures>true</isRenderTextures>
        <cubemapFace>0</cubemapFace>
        <renderTextureSize x="2000" y="2000" />
        <textureShareMode>0</textureShareMode>
        <cameraRotation x="0" y="0" z="0" />
        <nearClipPlane>0.01</nearClipPlane>
        <farClipPlane>1000</farClipPlane>
        <isFisheye>false</isFisheye>
        <fisheyeStrength x="0" y="0" />
        <isOffAxis>false</isOffAxis>
        <viewportRotation x="-0" y="0" z="0" />
        <viewportSize x="0" y="0" />
        <viewportPosition x="0" y="0" z="0" />
        <targetDisplay>-1</targetDisplay>
      </DisplayItem>
      <DisplayItem Name="IglooUnity2">
        <isRendering>true</isRendering>
        <fov>90</fov>
        <is3D>false</is3D>
        <isRenderTextures>true</isRenderTextures>
        <cubemapFace>1</cubemapFace>
        <renderTextureSize x="2000" y="2000" />
        <textureShareMode>0</textureShareMode>
        <cameraRotation x="0" y="90" z="0" />
        <nearClipPlane>0.01</nearClipPlane>
        <farClipPlane>1000</farClipPlane>
        <isFisheye>false</isFisheye>
        <fisheyeStrength x="0" y="0" />
        <isOffAxis>false</isOffAxis>
        <viewportRotation x="-0" y="0" z="0" />
        <viewportSize x="0" y="0" />
        <viewportPosition x="0" y="0" z="0" />
        <targetDisplay>-1</targetDisplay>
      </DisplayItem>
      <DisplayItem Name="IglooUnity3">
        <isRendering>true</isRendering>
        <fov>90</fov>
        <is3D>false</is3D>
        <isRenderTextures>true</isRenderTextures>
        <cubemapFace>2</cubemapFace>
        <renderTextureSize x="2000" y="2000" />
        <textureShareMode>0</textureShareMode>
        <cameraRotation x="0" y="180" z="0" />
        <nearClipPlane>0.01</nearClipPlane>
        <farClipPlane>1000</farClipPlane>
        <isFisheye>false</isFisheye>
        <fisheyeStrength x="0" y="0" />
        <isOffAxis>false</isOffAxis>
        <viewportRotation x="-0" y="0" z="0" />
        <viewportSize x="0" y="0" />
        <viewportPosition x="0" y="0" z="0" />
        <targetDisplay>-1</targetDisplay>
      </DisplayItem>
      <DisplayItem Name="IglooUnity4">
        <isRendering>true</isRendering>
        <fov>90</fov>
        <is3D>false</is3D>
        <isRenderTextures>true</isRenderTextures>
        <cubemapFace>3</cubemapFace>
        <renderTextureSize x="2000" y="2000" />
        <textureShareMode>0</textureShareMode>
        <cameraRotation x="0" y="270" z="0" />
        <nearClipPlane>0.01</nearClipPlane>
        <farClipPlane>1000</farClipPlane>
        <isFisheye>false</isFisheye>
        <fisheyeStrength x="0" y="0" />
        <isOffAxis>false</isOffAxis>
        <viewportRotation x="-0" y="0" z="0" />
        <viewportSize x="0" y="0" />
        <viewportPosition x="0" y="0" z="0" />
        <targetDisplay>-1</targetDisplay>
      </DisplayItem>
    </Displays>
  </DisplaySettings>
  <WindowSettings enabled="false">
    <Windows>
      <WindowItem>
        <width>0</width>
        <height>0</height>
        <positionOffsetX>0</positionOffsetX>
        <positionOffsetY>0</positionOffsetY>
      </WindowItem>
    </Windows>
  </WindowSettings>
</IglooSettings>